<?xml version="1.0" encoding="UTF-8" standalone="yes"?>
<addon id="script.iguide" name="I4 Guide" version="8.0.0" provider-name="Inside 4ndroid">
	<requires>
		<import addon="xbmc.python" version="2.1.0"/>
		<import addon="script.module.simplejson" version="2.0.10"/>
	</requires>
	<extension point="xbmc.python.script" library="addon.py"/>
    <extension point="xbmc.service" library="service.py" start="login"/>
	<extension point="xbmc.addon.metadata">
	<provides>video</provides>
		<description lang="en">Tv guide modded for i4atv</description>
		<disclaimer lang="en">Tv guide modded for i4atv NO integration needed  but YOU MUST RUN I4ATV AND LOGIN</disclaimer>
	</extension>
</addon>
