<?xml version="1.0" encoding="UTF-8"?>
    <addon id="repository.i4a-repo" name="i4a-repo" version="14.0.0" provider-name="Inside 4ndroid">
        <requires>
            <import addon="xbmc.addon" version="12.0.0"/>
        </requires>
        <extension point="xbmc.addon.repository" name="i4a-repo">
            <info compressed="false">https://raw.githubusercontent.com/Inside4ndroid/i4repo/master/_addons/addons.xml</info>
            <checksum>https://raw.githubusercontent.com/Inside4ndroid/i4repo/master/_addons/addons.xml.md5</checksum>
            <datadir zip="true">https://raw.githubusercontent.com/Inside4ndroid/i4repo/master/_addons/</datadir>
            <hashes>false</hashes>
        </extension>
        <extension point="xbmc.addon.metadata">
            <summary>Inside 4ndroid Kodi Addons</summary>
            <description>Inside 4ndroid Kodi Addons</description>
            <platform>all</platform>
    </extension>
</addon>